S,B,latency,memory,energy,is_validation
32,1,0.0006393884996214183,18763776,0.03230601792573624,False
32,2,0.0006724035001752782,18874368,0.034507402422611036,False
32,4,0.0008245150002039736,19095552,0.033231023102310235,False
32,8,0.0005115455005579861,19537920,0.024165813715455474,False
32,16,0.00047019350040500285,14843904,0.030539040451552212,False
32,32,0.0006077344996811007,15958016,0.04158759124087592,False
32,64,0.0007707220011070604,18186240,0.05266975308641976,False
32,65,0.0008183299996744609,18255872,0.05543698854337152,True
32,70,0.0013656364999405923,38626304,0.09249453551912569,True
32,78,0.0014863184997011558,42409984,0.10105059523809524,True
32,128,0.0022173810002641403,59342848,0.14992444444444444,False
32,256,0.004240161500092654,103669760,0.23129059829059828,False
32,512,0.008350734500709223,194084864,0.5698305084745763,False
48,1,0.000675166000291938,14255616,0.026663513513513516,True
48,2,0.0005033050001657102,14043136,0.02839375629405841,True
48,4,0.0005166715000086697,14356480,0.032388831437435366,True
48,8,0.0005381680002756184,14983168,0.029069967707212055,True
48,16,0.0005147974998180871,16236544,0.03536148300720906,True
48,32,0.000677063500006625,18743296,0.05536314363143631,True
48,64,0.001128712000536325,23822336,0.07629638009049773,True
48,65,0.0012154605001342134,23913472,0.08163260340632604,True
48,70,0.001713628000288736,42568704,0.1390446735395189,True
48,78,0.0019653230001495103,46802944,0.15927559055118112,True
48,128,0.0029134494998288574,66551808,0.2360701754385965,True
48,256,0.0060400705006031785,118087680,0.4077682926829268,True
48,512,0.012719084000309522,223444992,0.8686923076923077,True
64,1,0.0005986200003462727,23969792,0.027976047904191614,False
64,2,0.0005238269995970768,24117248,0.035022012578616354,False
64,4,0.0005164549993423861,24903680,0.03539979338842975,False
64,8,0.0005084330005047377,17793536,0.03393997965412004,False
64,16,0.0005483360000653192,19497472,0.03885839736553238,False
64,32,0.0009133584999290179,22642688,0.061903107861060326,False
64,64,0.0014131494990579085,32210944,0.1155269121813031,False
64,65,0.0015457979998245719,32342016,0.12407120743034057,True
64,70,0.002815092500895844,48088064,0.18903389830508477,True
64,78,0.002999786000145832,52953088,0.20120481927710843,True
64,128,0.005097440500321682,76644352,0.33958163265306124,False
64,256,0.009938837999470707,138272768,0.67208,False
64,512,0.020148051499745634,263290880,1.4080000000000001,False
112,1,0.0007774789992254227,24273920,0.039113530326594086,True
112,2,0.0006059070001356304,24725504,0.0334569696969697,True
112,4,0.0005733030002375017,18698752,0.03869036697247706,True
112,8,0.0008045554995987914,20553728,0.05454911433172303,True
112,16,0.0011862399996971362,27377664,0.07980522565320665,True
112,32,0.00240205150021211,41025536,0.1929278846153846,True
112,64,0.005022186500355019,68780032,0.33954545454545454,True
112,65,0.005148106500200811,69482496,0.3415154639175258,True
112,70,0.008810688999801641,74107904,0.5954464285714286,True
112,78,0.009711850499115826,82935808,0.657235294117647,True
112,128,0.016444897500150546,205824000,0.907,True
112,256,0.033587103999707324,396533760,1.9049285714285715,True
112,512,0.06730599200000142,778477568,4.769,True
128,1,0.0008552765002605156,24412160,0.04476198630136986,False
128,2,0.0005276669999147998,17794048,0.03571700105596621,False
128,4,0.0005608364999716287,19497984,0.03663636363636364,False
128,8,0.0009522029995423509,22642688,0.06368571428571429,False
128,16,0.0014056589998290292,32210944,0.09381971830985915,False
128,32,0.003054341500501323,49381376,0.24599386503067486,False
128,64,0.006134474000646151,119316480,0.41230864197530864,False
128,65,0.006656508499872871,136519680,0.44576000000000005,True
128,70,0.010192428499976813,141303808,0.6813673469387755,True
128,78,0.011235092499191524,144187392,0.7569545454545454,True
128,128,0.01801491399965016,223518720,1.236037037037037,False
128,256,0.03719340800125792,431923200,2.564,False
128,512,0.07525589349916117,848732160,4.455333333333333,False
224,1,0.0006724459999531973,18699776,0.026551816958277255,False
224,2,0.0007069430002957233,21308928,0.047222065063649225,False
224,4,0.0012168850007583387,27377664,0.0972,False
224,8,0.002475593000781373,41025536,0.16544776119402987,False
224,16,0.005317581500094093,68780032,0.3534893617021277,False
224,32,0.01034126050035411,174673920,0.6945416666666667,False
224,64,0.01996236549985042,335904768,1.32644,False
224,65,0.021096129499710514,387948544,1.442826086956522,True
224,70,0.033849968999675184,396451840,2.371142857142857,True
224,78,0.03711822800050868,410918912,2.5533076923076923,True
224,128,0.06011812650012871,655458304,4.14475,False
224,256,0.12547317549979198,1292992512,7.9542,False
224,512,0.2550902214989037,2568069120,17.2226,False
256,1,0.0007198485009212163,19499008,0.03682132564841498,False
256,2,0.0008554969999750028,22906880,0.056659246575342465,False
256,4,0.0015348599999924772,32210944,0.12184307692307692,False
256,8,0.0032525364995308337,49381376,0.21579738562091505,False
256,16,0.006597770500775368,119316480,0.44182666666666665,False
256,32,0.013110611500451341,223518720,0.6984210526315789,False
256,64,0.026300001998606604,431923200,1.7384736842105262,False
256,65,0.027687165499628463,501784576,1.8392222222222223,True
256,70,0.044426921499507444,513581056,3.005454545454546,True
256,78,0.04839835400071024,532455424,3.3114,True
256,128,0.07787160800035053,848732160,4.430166666666667,False
256,256,0.15618357750008727,1683062784,10.607,False
256,512,0.3142939709996426,3350298624,21.185,False
384,1,0.0010656479989847867,23822336,0.06886567164179105,False
384,2,0.0016453589996672235,33783808,0.10948514851485149,False
384,4,0.0034759814998324146,53837824,0.27756643356643357,False
384,8,0.007504760499614349,95125504,0.5983333333333334,False
384,16,0.01459714350039576,227639296,0.9699705882352941,False
384,32,0.028793228999347775,436260864,1.9435294117647057,False
384,64,0.05762341150057182,857407488,4.1305,False
384,65,0.060715708000316226,989599744,4.1425,True
384,70,0.09707268649981415,1015420928,6.6268,True
384,78,0.10561062299984769,1058543616,7.975199999999999,True
384,128,0.16884027600099216,1699840000,11.945,False
384,256,0.34197777600093104,3384287232,22.5698,False
384,512,0.680262086500079,6753976320,45.0576,False
448,1,0.0014164224994601682,27377664,0.09184135977337111,True
448,2,0.0024427759999525733,41025536,0.16254901960784313,True
448,4,0.005124764000356663,68780032,0.34185567010309276,True
448,8,0.01049338349912432,123961344,0.7055106382978723,True
448,16,0.020071250499313464,307247104,1.3807083333333334,True
448,32,0.04035809199922369,598855680,2.7596666666666665,True
448,64,0.08103860699975485,1180499968,4.415,True
448,65,0.08442193849987234,1364367360,5.3,True
448,70,0.13837181750022864,1399134208,9.3436,True
448,78,0.1508579669998653,1457559552,9.2258,True
448,128,0.24288904500008357,2343788544,15.876,True
448,256,0.4927952230000301,4672462848,31.766199999999998,True
448,512,0.9827885539998533,9329811456,63.6006,True
496,1,0.0015579925002384698,30458880,0.10369375,True
496,2,0.002774934000626672,48472064,0.22208333333333335,True
496,4,0.006516539999211091,82452480,0.4318026315789474,True
496,8,0.012942954998834466,148594688,0.694342105263158,True
496,16,0.024095872498946846,361955328,1.65065,True
496,32,0.04876879999937955,706084864,3.3125999999999998,True
496,64,0.09985487199992349,1396342784,6.5662,True
496,65,0.10233303900076862,1609668608,6.6506,True
496,70,0.16885844800071936,1654513664,10.6014,True
496,78,0.18324416349969397,1724174336,11.9164,True
496,128,0.2938058899999305,2776866816,18.5726,True
496,256,0.5969007520006926,5539667968,39.7476,True
496,512,,OOM,,True
512,1,0.001650667000831163,32210944,0.10787086092715231,False
512,2,0.0029873960002078093,49381376,0.2378383233532934,False
512,4,0.006265403499128297,85032960,0.4204810126582279,False
512,8,0.013000003000342986,156336128,0.7011842105263157,False
512,16,0.02437672299947735,399734784,1.66285,False
512,32,0.04936576050022268,784355328,2.6713,False
512,64,0.10075487850008358,1553596416,6.5998,False
512,65,0.10400105999997322,1798406144,6.6126000000000005,True
512,70,0.16869499550011824,1844543488,11.9772,True
512,78,0.18278844300039054,1920040960,11.974599999999999,True
512,128,0.29795720750007604,3092348928,18.718799999999998,False
512,256,0.5956534834986087,6169042944,39.8196,False
512,512,,OOM,,False
768,1,0.003591627500100003,53837824,0.23846043165467626,False
768,2,0.007357845999649726,95125504,0.4958507462686567,False
768,4,0.014980351000303926,175210496,1.0057575757575756,False
768,8,0.030087747499237594,334594048,2.07675,False
768,16,0.05805994049933361,857407488,4.14175,False
768,32,0.11679884449949895,1699840000,6.586,False
768,64,0.23790073699910863,3384287232,15.7984,False
768,65,0.24965715450071002,3909451776,17.1118,True
768,70,0.3948820955001793,4015620096,25.186600000000002,True
768,78,0.43064979199971276,4185489408,27.856599999999997,True
768,128,0.6925574674996824,6753976320,45.0166,False
768,256,,OOM,,False
768,512,,OOM,,False
1024,1,0.006917537999470369,85032960,0.46001388888888894,False
1024,2,0.01344661949951842,156336128,0.8952432432432433,False
1024,4,0.026978397000675614,298942464,1.8438888888888887,False
1024,8,0.0543914030004089,584155136,3.6814444444444447,False
1024,16,0.1020088664990908,1492334592,6.5962000000000005,False
1024,32,0.20646249400033412,2969554944,13.2186,False
1024,64,0.42088258849980775,5923995648,27.648200000000003,False
1024,65,0.44004695949934103,6835765248,29.0978,True
1024,70,0.6973606310002651,7024508928,46.3742,True
1024,78,0.758950901499702,7326498816,49.0858,True
1024,128,,OOM,,False
1024,256,,OOM,,False
1024,512,,OOM,,False
